id;guid;identifier;type
1;Secured Program;the program Ghana;RHPIH
2;schemas Soft;green installation;DedicatedNonClinicalLocationRoleType
3;Uruguayo Liaison Forward;Islands Gold harness;HD
4;virtual e-commerce Reverse-engineered;Car Bedfordshire hour;IEC
5;pink;SCSI;RHII
6;blue;SAS SDD 17(E.U.A.-17);GIDX
7;Accounts Venezuela Plastic;transmitting;SLEEP
8;Fully-configurable infrastructure Monaco;Fresh;PEDU
9;Algeria Plastic Principal;Tactics infomediaries Guadeloupe;HOSP
10;alarm Bedfordshire Technician;pixel auxiliary Korea;PSI
