id;text;author;time
1;productivity Rial;Account orange auxiliary;2021-06-29T13:10:00
2;envisioneer clicks-and-mortar redundant;magnetic;2021-06-30T02:07:56
3;cultivate;Centers Table;2021-06-30T05:07:07
4;silver Islands Product;navigate;2021-06-29T20:03:37
5;Intuitive tangible;Human;2021-06-29T21:34:37
6;Avon;Focused hacking;2021-06-30T03:06:04
7;Metal deploy Handcrafted;synthesize Architect;2021-06-30T02:34:30
8;Gorgeous programming;Concrete;2021-06-29T19:19:34
9;Table;Neck Indiana;2021-06-30T04:07:46
10;Marketing Paraguay withdrawal;Cheese leading-edge Soap;2021-06-29T20:45:26
